time,temperature_2m,windspeed_10m,winddirection_10m,predicted_windspeed
2022-12-27T00:00,27.9,15.1,237,14.53132127
2022-12-27T01:00,27.1,12.1,253,12.91045363
2022-12-27T02:00,27.2,11.9,241,15.58586854
2022-12-27T03:00,27.3,12.2,246,13.42468571
2022-12-27T04:00,27.5,10.5,254,13.19570523
2022-12-27T05:00,27.4,11.4,242,13.63225951
2022-12-27T06:00,29.2,12.2,246,14.8894703
2022-12-27T07:00,28.4,12.2,236,14.22409144
2022-12-27T08:00,28.7,12.3,249,11.49297697
2022-12-27T09:00,28.2,9.5,241,14.40293213
2022-12-27T10:00,27.8,8.5,234,8.100900283
2022-12-27T11:00,27.5,10.7,256,16.20105567
2022-12-27T12:00,27.6,10.5,262,14.1149526
2022-12-27T13:00,28.4,9.4,268,14.94353311
2022-12-27T14:00,29.7,11.4,259,15.89439739
2022-12-27T15:00,30.7,16.6,268,8.255190689
2022-12-27T16:00,31.5,16.2,274,13.32105469
2022-12-27T17:00,33.4,14.3,280,11.62147004
2022-12-27T18:00,33.8,10.5,276,15.09797939
2022-12-27T19:00,34.5,10,291,15.61340656
2022-12-27T20:00,34.5,9.8,253,12.98898878
2022-12-27T21:00,33.2,8,265,11.11209627
2022-12-27T22:00,32.3,6.9,261,16.25446896
2022-12-27T23:00,32.1,7.7,229,11.2885208
2022-12-28T00:00,31.9,8.9,194,12.49933297
2022-12-28T01:00,32.3,8.6,202,8.511215554
2022-12-28T02:00,32.1,7.2,217,15.27754753
2022-12-28T03:00,32.2,6.4,254,11.83021295
2022-12-28T04:00,31.6,8.9,249,12.93723822
2022-12-28T05:00,31.8,6.4,286,13.13881058
2022-12-28T06:00,31.7,1.5,225,16.48778814
2022-12-28T07:00,32.4,2.3,39,13.3703631
2022-12-28T08:00,31.7,5.9,133,13.08981393
2022-12-28T09:00,30.9,6.1,152,11.39321701
2022-12-28T10:00,30.5,5,159,12.98753389
2022-12-28T11:00,30,4,185,11.16010568
2022-12-28T12:00,29.5,4.7,203,15.97046441
2022-12-28T13:00,31.3,5.2,155,14.73286765
2022-12-28T14:00,34.5,6.9,186,7.970614577
2022-12-28T15:00,36.6,14,215,14.91859312
2022-12-28T16:00,40.3,15,197,15.50447557
2022-12-28T17:00,42.2,16.3,215,13.88695938
2022-12-28T18:00,44.5,16.6,214,12.03235688
2022-12-28T19:00,47.1,20.8,206,14.27293221
2022-12-28T20:00,47.1,17.1,205,14.40262037
2022-12-28T21:00,46.9,15.4,213,14.76331546
2022-12-28T22:00,43.5,9.8,208,15.37837268
2022-12-28T23:00,41.7,6.6,202,12.49870945
2022-12-29T00:00,40.7,8.7,197,15.12395859
2022-12-29T01:00,39.9,7.9,204,15.66302673
2022-12-29T02:00,38.6,7.4,209,8.613157855
2022-12-29T03:00,37.9,11.2,228,15.4841081
2022-12-29T04:00,39,7.3,200,13.19401652
2022-12-29T05:00,37.3,6.6,202,7.6874414
2022-12-29T06:00,35.2,4.6,219,15.27580685
2022-12-29T07:00,33.4,4.8,193,15.58599844
2022-12-29T08:00,32.8,3.9,214,11.72801085
2022-12-29T09:00,31.7,3.3,193,12.67591338
2022-12-29T10:00,31.8,6.6,189,16.10254276
2022-12-29T11:00,32.3,5.9,232,15.07038942
2022-12-29T12:00,31.7,2.6,214,15.69030495
2022-12-29T13:00,31.9,8.6,180,11.07931025
2022-12-29T14:00,37.2,6.6,225,14.53313989
2022-12-29T15:00,41,9.3,208,10.23384363
2022-12-29T16:00,43.5,8.9,220,14.83836925
2022-12-29T17:00,45.4,13.7,210,15.9989637
2022-12-29T18:00,47.8,12.1,203,16.22887946
2022-12-29T19:00,49.7,13.1,201,16.66618717
2022-12-29T20:00,50.1,9.8,188,15.61249725
2022-12-29T21:00,49.9,6.8,177,15.14910643
2022-12-29T22:00,44.5,4.7,171,13.06404257
2022-12-29T23:00,43.3,7.4,157,12.26978093
2022-12-30T00:00,41.7,5.1,176,16.20479682
2022-12-30T01:00,41,3.6,217,16.22745055
2022-12-30T02:00,40.8,5,201,14.30000258
2022-12-30T03:00,39.6,5.2,196,15.1301419
2022-12-30T04:00,39.9,6,213,12.65551994
2022-12-30T05:00,39.7,5.4,200,15.04607295
2022-12-30T06:00,39.5,5.8,184,12.6815511
2022-12-30T07:00,40,3.9,202,14.60941476
2022-12-30T08:00,39.9,6.8,155,12.03643578
2022-12-30T09:00,40.9,4.6,225,11.08461022
2022-12-30T10:00,39.3,6.7,254,12.36722865
2022-12-30T11:00,38.9,7.9,227,15.25175019
2022-12-30T12:00,39.7,1.3,236,11.31325295
2022-12-30T13:00,38.4,4.7,184,15.40798912
2022-12-30T14:00,42.8,4.2,200,14.81504004
2022-12-30T15:00,47.5,8,188,14.50565384
2022-12-30T16:00,50.7,7.2,180,11.49853675
2022-12-30T17:00,52.5,7.4,203,16.15411146
2022-12-30T18:00,56.2,7.2,183,14.19844998
2022-12-30T19:00,57.1,13.1,171,7.87012717
2022-12-30T20:00,57.6,7.3,169,14.78965838
2022-12-30T21:00,55.5,8.7,128,15.22509551
2022-12-30T22:00,49.8,5.5,113,16.15192911
2022-12-30T23:00,47.6,3.3,96,14.89245803
2022-12-31T00:00,47.1,6.4,137,14.86575139
2022-12-31T01:00,45.6,2.2,189,7.974173873
2022-12-31T02:00,43.8,3.1,144,8.563225915
2022-12-31T03:00,43.7,5.4,228,15.79294872
2022-12-31T04:00,43.4,2.6,164,10.20794237
2022-12-31T05:00,46.2,1.3,146,13.39525113
2022-12-31T06:00,46.4,2.3,72,13.73072045
2022-12-31T07:00,44.8,2.6,304,13.01190231
2022-12-31T08:00,45.2,1.8,217,14.66064571
2022-12-31T09:00,46.1,3.8,253,13.06674452
2022-12-31T10:00,46.3,2.6,56,12.36530611
2022-12-31T11:00,45.8,3.2,27,14.73668675
2022-12-31T12:00,46.6,0.4,270,13.24309111
2022-12-31T13:00,47.2,5.2,56,12.73122324
2022-12-31T14:00,49.1,2.8,140,13.45123647
2022-12-31T15:00,50.3,4.6,162,15.71191946
2022-12-31T16:00,51,2.6,164,11.18418832
2022-12-31T17:00,51.3,3.1,69,16.25579395
2022-12-31T18:00,51.8,7,78,14.12144767
2022-12-31T19:00,51.6,5.2,56,12.54721247
2022-12-31T20:00,51.3,2.5,8,12.44467263
2022-12-31T21:00,50.7,1.4,360,12.03627989
2022-12-31T22:00,50.4,4.7,90,13.78642001
2022-12-31T23:00,50.1,2.6,16,12.29318809
2023-01-01T00:00,50.1,1.5,315,15.89369593
2023-01-01T01:00,49.8,1.5,225,15.38130845
2023-01-01T02:00,50,4.9,216,13.14086302
2023-01-01T03:00,50.7,3.3,221,10.59539608
2023-01-01T04:00,52.3,8.4,223,11.88022283
2023-01-01T05:00,52.3,6.6,209,14.14417934
2023-01-01T06:00,52.2,12.2,227,12.52437689
2023-01-01T07:00,51.7,12.8,230,16.04847996
2023-01-01T08:00,50.7,11,232,13.19331505
2023-01-01T09:00,50.5,10.8,233,13.65860243
2023-01-01T10:00,49.2,9.1,236,13.14288948
2023-01-01T11:00,48.5,9.4,230,13.27125265
2023-01-01T12:00,47.5,10,240,12.80978437
2023-01-01T13:00,47.9,9.5,241,16.12982097
2023-01-01T14:00,49.8,9.4,270,9.772245449
2023-01-01T15:00,51.9,15.6,278,12.1128925
2023-01-01T16:00,52.5,21.4,287,8.153716032
2023-01-01T17:00,53.4,17.6,296,8.461439495
2023-01-01T18:00,54.5,18.9,288,12.9108953
2023-01-01T19:00,54.9,17.2,290,7.559987543
2023-01-01T20:00,54.4,15,291,13.52626428
2023-01-01T21:00,53.7,7.6,295,14.22266252
2023-01-01T22:00,50.2,5.5,337,10.31043026
2023-01-01T23:00,47.9,3.2,153,8.614898533
2023-01-02T00:00,46.6,6,237,15.66061057
2023-01-02T01:00,46.2,6.9,227,15.09891468
2023-01-02T02:00,44.2,2.8,230,15.27744361
2023-01-02T03:00,45.3,2.3,231,8.30626576
2023-01-02T04:00,46.4,5.8,270,12.73244431
2023-01-02T05:00,44.8,4.8,207,14.99071114
2023-01-02T06:00,44.1,5.4,200,14.53145118
2023-01-02T07:00,43.5,4.2,250,15.86698928
2023-01-02T08:00,42.9,6.7,196,15.61135412
2023-01-02T09:00,42.3,2.3,231,14.22016842
2023-01-02T10:00,41.7,2.3,219,15.04807343
2023-01-02T11:00,41.5,5.6,225,8.666311348
2023-01-02T12:00,42.6,6.9,242,13.91049643
2023-01-02T13:00,44.4,7.2,243,9.000975281
2023-01-02T14:00,45.3,4.4,235,11.41722171
2023-01-02T15:00,47.1,3.8,221,8.692108686
2023-01-02T16:00,50.1,4.9,216,14.81394887
2023-01-02T17:00,53.3,4.3,275,13.08965805
2023-01-02T18:00,55.5,5.4,274,11.62261317
2023-01-02T19:00,55.6,7.2,233,9.823970028
2023-01-02T20:00,55.8,9.1,189,12.95945028
2023-01-02T21:00,54.5,7.8,167,14.8927698
2023-01-02T22:00,52.1,4.8,193,15.58664795
2023-01-02T23:00,52,7.5,215,16.33121147
2023-01-03T00:00,53.4,8.4,187,15.5100873
2023-01-03T01:00,52.8,5.4,184,12.73015805
2023-01-03T02:00,52.3,10.7,237,15.5861803
2023-01-03T03:00,51.5,5.3,152,11.77586437
2023-01-03T04:00,51.9,2.2,189,15.3524974
2023-01-03T05:00,51.6,1,135,14.76235419
2023-01-03T06:00,50.9,0.8,297,12.42051204
2023-01-03T07:00,50.8,5.8,120,15.56428001
2023-01-03T08:00,48.3,2.5,82,14.45600768
2023-01-03T09:00,48.3,3.4,72,14.86162052
2023-01-03T10:00,47.5,5.2,74,15.35551111
2023-01-03T11:00,48.2,0.5,315,8.203310229
2023-01-03T12:00,48.9,5.2,65,13.47407206
2023-01-03T13:00,48.3,5.1,51,15.48670613
2023-01-03T14:00,49,2.6,124,16.00047056
2023-01-03T15:00,49.4,1.3,146,14.5535853
2023-01-03T16:00,49.9,4.1,315,15.04209797
2023-01-03T17:00,49.3,2.4,117,11.26350287
2023-01-03T18:00,50.7,8,198,13.94263296
2023-01-03T19:00,50.6,13,199,12.03038238
2023-01-03T20:00,51.6,5.2,196,14.96948633
2023-01-03T21:00,52.4,5.2,196,12.91211637
2023-01-03T22:00,52.7,5.8,180,13.94081434
2023-01-03T23:00,52,2.3,162,12.03339609
2023-01-04T00:00,51.7,0.5,315,12.42446104
2023-01-04T01:00,52.1,5.8,150,12.70428277
2023-01-04T02:00,52.5,6.6,171,14.55888527
2023-01-04T03:00,52.4,6.8,183,16.25345573
2023-01-04T04:00,51.3,2.3,198,15.84210125
2023-01-04T05:00,51.4,3.6,174,14.81062339
2023-01-04T06:00,51.7,8.6,182,14.1448808
2023-01-04T07:00,52.5,4.8,222,15.22429012
2023-01-04T08:00,51.8,7.6,188,8.637370398
2023-01-04T09:00,52.6,10.2,212,11.54561086
2023-01-04T10:00,52.5,11.2,222,8.897759947
2023-01-04T11:00,53,10.4,236,14.35214284
2023-01-04T12:00,52.9,5.4,200,16.04749271
2023-01-04T13:00,53.7,10.8,217,15.22413424
2023-01-04T14:00,55.3,9.9,226,16.09968493
2023-01-04T15:00,58.2,10.1,215,10.51509427
2023-01-04T16:00,60.1,8.1,193,12.88312346
2023-01-04T17:00,61.6,9.1,189,15.20036336
2023-01-04T18:00,62.8,13.2,169,10.21017668
2023-01-04T19:00,62.3,10.8,180,12.59865127
2023-01-04T20:00,62.3,6.7,144,13.16517949
2023-01-04T21:00,60,4.1,128,15.66492329
2023-01-04T22:00,56.9,7.7,101,12.39497451
2023-01-04T23:00,55.2,5.8,83,12.67731632
2023-01-05T00:00,54,6.3,121,12.3960397
2023-01-05T01:00,53.4,4.5,61,16.02413751
2023-01-05T02:00,52.9,8.7,42,13.55691993
2023-01-05T03:00,52.5,9,61,15.97295852
2023-01-05T04:00,51.7,10.2,32,7.869165901
2023-01-05T05:00,50.2,9.5,29,9.669757562
2023-01-05T06:00,48.2,8.9,58,11.00503586
2023-01-05T07:00,48,7.4,43,9.232553782
2023-01-05T08:00,47.6,6.4,27,14.01075002
2023-01-05T09:00,47,9.7,42,14.26929497
2023-01-05T10:00,47.7,1.9,22,11.62399012
2023-01-05T11:00,48.3,3.6,323,15.94586217
2023-01-05T12:00,47.3,9.7,22,14.88458601
2023-01-05T13:00,47.1,9.4,50,12.57638725
2023-01-05T14:00,46.6,7.1,75,12.08460106
2023-01-05T15:00,47.9,12,44,13.19427632
2023-01-05T16:00,48.9,11.2,48,10.38901737
2023-01-05T17:00,49,8.9,47,8.770539912
2023-01-05T18:00,49.3,8.7,42,15.04407247
2023-01-05T19:00,48.2,7.7,41,8.845022138
2023-01-05T20:00,49,8.4,50,13.91704346
2023-01-05T21:00,48,10.8,26,12.85446829
2023-01-05T22:00,47.5,7,55,7.973316524
2023-01-05T23:00,47.2,5.4,20,16.07147143
2023-01-06T00:00,47.4,3.6,6,13.11729999
2023-01-06T01:00,47.7,9.1,72,8.589075214
2023-01-06T02:00,47.1,7.1,66,7.612491529
2023-01-06T03:00,46.6,7.7,79,12.03233089
2023-01-06T04:00,45.8,10.4,46,14.79080152
2023-01-06T05:00,45.5,12.8,68,8.43595392
2023-01-06T06:00,44.5,12.4,80,14.99520572
2023-01-06T07:00,44.4,7.3,110,13.39907023
2023-01-06T08:00,44,4.3,360,14.52963256
2023-01-06T09:00,43.4,9.5,9,12.08457508
2023-01-06T10:00,43.2,6.1,45,15.04602099
2023-01-06T11:00,43.1,6.5,90,16.02522868
2023-01-06T12:00,42.3,10.7,104,15.07246784
2023-01-06T13:00,43.1,5.1,98,13.08882668
2023-01-06T14:00,43.1,6.1,62,13.88716722
2023-01-06T15:00,43.8,3.8,343,16.40553781
2023-01-06T16:00,44.4,2.3,288,12.95835911
2023-01-06T17:00,45.4,7.6,275,7.897379404
2023-01-06T18:00,46.8,7.7,259,15.79042863
2023-01-06T19:00,48.2,9.7,268,7.972511136
2023-01-06T20:00,47.1,11,259,13.24527345
2023-01-06T21:00,46.2,15.5,271,7.689961485
2023-01-06T22:00,44.3,15.2,265,13.88919368
2023-01-06T23:00,44.1,11.9,268,15.17518955
2023-01-07T00:00,42.5,12,286,11.72382802
2023-01-07T01:00,40.9,14.1,276,15.55671975
2023-01-07T02:00,40.9,14.8,270,13.62768698
2023-01-07T03:00,39.2,15.3,285,14.58268213
2023-01-07T04:00,38.7,11.2,264,14.29693691
2023-01-07T05:00,37.6,11.2,268,12.78105126
2023-01-07T06:00,36.3,10.5,262,7.919201762
2023-01-07T07:00,35.5,11.3,253,14.76430271
2023-01-07T08:00,35.1,10.2,262,14.86653079
2023-01-07T09:00,34.8,10.8,255,13.2465205
2023-01-07T10:00,34.6,10.5,254,14.2728023
2023-01-07T11:00,34.5,8.7,253,8.56273229
2023-01-07T12:00,34.9,5.4,250,11.47079089
2023-01-07T13:00,36.3,5.4,270,13.88433537
2023-01-07T14:00,38.3,13.7,273,13.03879082
2023-01-07T15:00,40.2,14.6,286,15.07210411
2023-01-07T16:00,41.8,14.8,284,7.973004761
2023-01-07T17:00,43.5,17.9,285,8.385424434
2023-01-07T18:00,44,19.1,286,15.14978191
2023-01-07T19:00,44.7,17.5,289,11.9028246
2023-01-07T20:00,42.9,20.4,302,13.3199895
2023-01-07T21:00,42.5,15.1,303,16.12696314
2023-01-07T22:00,40.3,10.5,286,15.58519305
2023-01-07T23:00,39.3,10.3,282,15.45259511
2023-01-08T00:00,40.1,11.2,285,14.76238017
2023-01-08T01:00,38.9,9.1,279,15.63611224
2023-01-08T02:00,38.8,13.8,290,8.769682564
2023-01-08T03:00,37.5,9.3,286,9.798822196
2023-01-08T04:00,36.5,9.5,279,13.34724173
2023-01-08T05:00,35.9,9.4,293,13.88924564
2023-01-08T06:00,35.3,11.4,288,16.04570007
2023-01-08T07:00,34,9.7,301,16.32819776
2023-01-08T08:00,32.8,8.2,299,14.32340973
2023-01-08T09:00,32.5,8,297,8.975463726
2023-01-08T10:00,31.5,10.5,278,16.40764222
2023-01-08T11:00,31.5,8.6,292,14.9687329
2023-01-08T12:00,31,6.2,324,15.12086694
2023-01-08T13:00,31,5.3,332,12.73059971
2023-01-08T14:00,33.5,7.7,332,13.5801712
2023-01-08T15:00,36.1,11.1,347,12.42370762
2023-01-08T16:00,37.3,9.7,358,10.67455475
2023-01-08T17:00,38.8,5,330,15.97410165
2023-01-08T18:00,40.5,3.9,248,14.77100562
2023-01-08T19:00,40.7,6.8,198,12.15973279
2023-01-08T20:00,39.6,6.2,201,14.9745265
2023-01-08T21:00,39,8.6,182,13.91483514
2023-01-08T22:00,36.4,6.2,173,13.88589419
2023-01-08T23:00,34.5,8.4,140,13.70453341
2023-01-09T00:00,34.5,9.6,160,15.63795684
2023-01-09T01:00,33.8,6.4,164,10.49020624
2023-01-09T02:00,33.3,8.6,195,12.03955341
2023-01-09T03:00,34.2,11.2,184,12.60200272
2023-01-09T04:00,34.3,3.2,207,14.40017822
2023-01-09T05:00,35.9,5.8,173,15.17139643
2023-01-09T06:00,37.3,8.8,199,15.92315648
2023-01-09T07:00,37.7,7.4,194,12.7812591
2023-01-09T08:00,37.5,5.9,218,13.21680014
2023-01-09T09:00,37.1,4.1,218,12.96152871
2023-01-09T10:00,36.9,4.5,299,15.74317266
2023-01-09T11:00,37.1,6,287,15.56069473
2023-01-09T12:00,37.5,2.6,254,11.59616632
2023-01-09T13:00,37,6,287,11.10770561
2023-01-09T14:00,37.8,7.9,286,15.07262372
2023-01-09T15:00,39.2,8.7,275,13.4504051
2023-01-09T16:00,41.2,13.7,288,15.43334479
2023-01-09T17:00,43.2,15.9,298,11.77861827
2023-01-09T18:00,44.2,18.6,292,11.77500702
2023-01-09T19:00,44.8,19.2,293,13.88597213
2023-01-09T20:00,44.9,19,297,10.93146294
2023-01-09T21:00,43.4,21.1,295,8.228587962
2023-01-09T22:00,41,14.8,296,15.97316636
2023-01-09T23:00,39,9.9,280,14.89308156
2023-01-10T00:00,38.6,12.7,277,14.71252617
2023-01-10T01:00,37.2,8.7,265,13.31819686
2023-01-10T02:00,36.3,10.6,252,10.79644883
2023-01-10T03:00,35.8,10.2,247,15.27710587
2023-01-10T04:00,34.9,9.7,248,13.55330868
2023-01-10T05:00,34.3,10.5,254,9.905622806
2023-01-10T06:00,34.5,9.7,266,13.04047954
2023-01-10T07:00,34,10.7,258,9.022433916
2023-01-10T08:00,36.2,9.1,252,11.31629264
2023-01-10T09:00,35.3,7.7,281,12.95778755
2023-01-10T10:00,37.2,8.7,253,12.34093769
2023-01-10T11:00,37.1,8.6,248,8.127165266
2023-01-10T12:00,37.6,5.6,255,7.970510656
2023-01-10T13:00,36.9,7.8,214,15.73724916
2023-01-10T14:00,38.6,9.8,242,12.2164196
2023-01-10T15:00,39.2,10.6,235,11.31275932
2023-01-10T16:00,40.2,11.8,250,14.14838814
2023-01-10T17:00,40.3,11.4,246,11.18229176
2023-01-10T18:00,41.4,11.9,241,15.07392273
2023-01-10T19:00,40.9,11,259,9.076548678
2023-01-10T20:00,41,8.6,292,16.56424486
2023-01-10T21:00,41,9,286,14.69306802
2023-01-10T22:00,40.5,5.3,298,16.35690489
2023-01-10T23:00,40.3,8.7,263,12.5778941
2023-01-11T00:00,40.8,7,291,16.35594362
2023-01-11T01:00,40.3,7,339,9.537445396
2023-01-11T02:00,39,6.6,331,15.73839229
2023-01-11T03:00,37.2,8.3,304,8.100042934
2023-01-11T04:00,37.1,7.6,335,15.94744696
2023-01-11T05:00,35.4,9.4,2,13.1927175
2023-01-11T06:00,35.6,6.2,10,13.21906043
2023-01-11T07:00,34.8,6.2,21,11.28781934
2023-01-11T08:00,34.7,10.8,21,11.62508129
2023-01-11T09:00,33.6,9.7,22,16.35620342
2023-01-11T10:00,33.5,10.5,16,16.40800594
2023-01-11T11:00,32.9,11.6,26,14.93961009
2023-01-11T12:00,32.1,10.5,41,7.487168053
2023-01-11T13:00,33.5,8.8,35,15.71495915
2023-01-11T14:00,35.1,11.8,50,11.00882898
2023-01-11T15:00,35.8,10.5,38,13.31993754
2023-01-11T16:00,37.4,8.7,52,9.720624792
2023-01-11T17:00,38.8,6.5,34,14.94033753
2023-01-11T18:00,39,7.6,25,14.784904
2023-01-11T19:00,39.4,9.8,36,9.233255249
2023-01-11T20:00,39.1,6.4,43,14.4517729
2023-01-11T21:00,38.4,5.5,58,15.19883052
2023-01-11T22:00,37.8,3.6,53,14.04208115
2023-01-11T23:00,36.2,5.4,94,11.62144406
2023-01-12T00:00,36.3,5.9,104,15.3261285
2023-01-12T01:00,35,4.4,99,14.42852162
2023-01-12T02:00,34.4,5.3,62,14.17080804
2023-01-12T03:00,36,6.4,52,10.31289839
2023-01-12T04:00,36.4,3.9,56,15.17456602
2023-01-12T05:00,35.1,4.2,31,13.63114236
2023-01-12T06:00,35.5,6.6,29,12.03563039
2023-01-12T07:00,37.2,7.1,66,8.641631161
2023-01-12T08:00,38.1,6,57,12.98898878
2023-01-12T09:00,39.1,7.4,51,13.94143786
2023-01-12T10:00,40.3,9.6,56,15.07233794
2023-01-12T11:00,40.1,10.4,34,16.4862553
2023-01-12T12:00,39.4,11.5,39,12.46670283
2023-01-12T13:00,40,11.3,37,10.18409356
2023-01-12T14:00,40.3,10.5,31,13.39862857
2023-01-12T15:00,42.7,11.5,46,15.58667393
2023-01-12T16:00,44.1,10.2,58,16.20277036
2023-01-12T17:00,45.1,6.1,45,16.51205264
2023-01-12T18:00,46.1,10.6,66,7.614751812
2023-01-12T19:00,46.4,9.3,77,11.49295099
2023-01-12T20:00,47.3,8.4,65,15.51078877
2023-01-12T21:00,48.3,10.9,107,14.65625505
2023-01-12T22:00,50.2,17.6,121,14.35120755
2023-01-12T23:00,51.9,18.9,159,14.68665089
2023-01-13T00:00,52.5,24.2,147,15.27585881
2023-01-13T01:00,52.6,16.3,152,8.514618968
2023-01-13T02:00,53.6,20.5,158,10.72453865
2023-01-13T03:00,54.5,24.9,160,15.58623227
2023-01-13T04:00,54.3,25.2,163,15.35257534
2023-01-13T05:00,54.8,22.1,158,14.37526421
2023-01-13T06:00,53.7,17.7,153,15.97155559
2023-01-13T07:00,55.4,18.3,160,15.37998346
2023-01-13T08:00,55.4,18.7,182,13.39603054
2023-01-13T09:00,54.7,13,178,12.10912536
2023-01-13T10:00,53.3,13.7,157,8.79625931
2023-01-13T11:00,53,13.9,163,13.60204552
2023-01-13T12:00,52,12.4,170,14.22120763
2023-01-13T13:00,51.8,12.5,162,10.05625
2023-01-13T14:00,50.7,10.1,163,13.78860235
2023-01-13T15:00,52.1,11.7,223,14.44951261
2023-01-13T16:00,53.5,14.3,190,14.34925903
2023-01-13T17:00,53.7,16.1,246,15.74036679
2023-01-13T18:00,53.1,15.9,245,9.257285929
2023-01-13T19:00,51.9,18.7,242,12.13918347
2023-01-13T20:00,47.1,21.2,291,15.58472541
2023-01-13T21:00,44.3,21.9,303,7.460149643
2023-01-13T22:00,41.2,18.5,303,14.96940838
2023-01-13T23:00,39.9,18.7,300,12.16737099
2023-01-14T00:00,39,16.3,315,8.484482926
2023-01-14T01:00,39,16.6,304,14.78589125
2023-01-14T02:00,38.4,16.8,318,14.78890496
2023-01-14T03:00,37.7,20,330,8.668779473
2023-01-14T04:00,37.4,15.5,335,11.13602303
2023-01-14T05:00,36.9,15.6,331,12.16365581
2023-01-14T06:00,36.4,21.7,339,16.25137731
2023-01-14T07:00,34.6,19.2,326,12.67682269
2023-01-14T08:00,34.2,18.8,334,15.12024342
2023-01-14T09:00,33.6,26.1,336,8.308967708
2023-01-14T10:00,33.1,18.3,338,8.281117928
2023-01-14T11:00,32.6,20.3,333,11.57083663
2023-01-14T12:00,32.3,21.3,344,10.67296995
2023-01-14T13:00,32.7,18.4,357,10.41569804
2023-01-14T14:00,32.3,20,334,11.92981703
2023-01-14T15:00,32.5,18,344,14.86471218
2023-01-14T16:00,33.4,24.6,333,15.38086679
2023-01-14T17:00,33.5,23.2,341,9.825295021
2023-01-14T18:00,34.7,23.8,342,11.85707548
2023-01-14T19:00,34.4,26.3,338,13.4994797
2023-01-14T20:00,34.6,25.4,339,12.91170069
2023-01-14T21:00,34.3,21.5,342,12.90988207
2023-01-14T22:00,32.3,18.9,336,9.026460857
2023-01-14T23:00,32.2,18.4,337,13.88810251
2023-01-15T00:00,31.7,23.2,353,12.44446478
2023-01-15T01:00,31.1,25,348,16.38475467
2023-01-15T02:00,31,22.5,354,14.99440033
2023-01-15T03:00,30.2,20.5,350,7.589318197
2023-01-15T04:00,30.2,25.4,335,9.026876541
2023-01-15T05:00,30.4,25.9,344,12.14056042
2023-01-15T06:00,29.6,28.3,338,13.83609215
2023-01-15T07:00,29.1,26.8,343,7.609555759
2023-01-15T08:00,28.9,25.1,344,13.39454966
2023-01-15T09:00,28.7,25.4,335,15.07275362
2023-01-15T10:00,29,29.2,331,13.83315638
2023-01-15T11:00,29.6,22.7,340,8.871936628
2023-01-15T12:00,29.9,28.2,341,12.19470116
2023-01-15T13:00,29.5,22.7,342,12.98984613
2023-01-15T14:00,30.5,25,345,12.88400679
2023-01-15T15:00,32.6,29.5,332,14.45476063
2023-01-15T16:00,34.8,30.8,337,14.81446847
2023-01-15T17:00,36.4,29,332,14.81272779
2023-01-15T18:00,38.6,29.9,333,14.68740432
2023-01-15T19:00,40.7,28,331,11.62373032
2023-01-15T20:00,40.5,29.5,338,12.24551643
2023-01-15T21:00,40.5,23.3,338,13.60664403
2023-01-15T22:00,38.8,20.6,344,13.81052863
2023-01-15T23:00,36.9,23.9,337,15.35512141
2023-01-16T00:00,35.5,24.1,343,14.76183458
2023-01-16T01:00,34.4,23.5,335,12.93578333
2023-01-16T02:00,33.3,24.6,335,12.42233066
2023-01-16T03:00,32.2,25.4,339,8.615444118
2023-01-16T04:00,30.9,24.8,334,13.26974579
2023-01-16T05:00,30,24.2,337,8.615729901
2023-01-16T06:00,28.2,23.8,340,15.25323107
2023-01-16T07:00,26.5,18.4,334,12.08405547
2023-01-16T08:00,26,20,330,15.68703143
2023-01-16T09:00,27,19.7,332,9.745928506
2023-01-16T10:00,27.1,13.2,331,16.0233581
2023-01-16T11:00,26.9,18.3,324,14.47479035
2023-01-16T12:00,30.6,20.6,324,15.40619648
2023-01-16T13:00,30,15.8,311,13.94208737
2023-01-16T14:00,31.5,15,312,13.06656266
2023-01-16T15:00,33.8,14.6,327,13.63280509
2023-01-16T16:00,36.5,14.4,323,13.37184398
2023-01-16T17:00,38.8,14,288,15.71493317
2023-01-16T18:00,42.3,18,286,13.63010314
2023-01-16T19:00,45.8,17.6,301,14.63113319
2023-01-16T20:00,47.8,15.3,300,11.59556878
2023-01-16T21:00,48.6,16.5,302,12.62618929
2023-01-16T22:00,44.3,13,298,15.63720342
2023-01-16T23:00,42.3,13.8,290,12.42352576
2023-01-17T00:00,40.5,8.3,272,15.06994775
2023-01-17T01:00,39.5,11.3,277,9.30924433
2023-01-17T02:00,38.1,9.8,294,16.45731435
2023-01-17T03:00,36.6,9,286,11.83000511
2023-01-17T04:00,34.9,9.2,296,7.509380116
2023-01-17T05:00,33.9,7.6,270,15.68986328
2023-01-17T06:00,33.4,8.2,285,13.06108082
2023-01-17T07:00,33.4,10.2,260,12.91144088
2023-01-17T08:00,31.8,10,249,15.14744369
2023-01-17T09:00,31.7,9.1,261,15.06932423
2023-01-17T10:00,31.1,5.6,255,13.11766371
2023-01-17T11:00,32.3,7.8,236,12.96077528
2023-01-17T12:00,32.2,7.7,242,12.525546
2023-01-17T13:00,33,8.2,232,16.04972701
2023-01-17T14:00,36.6,5.2,286,14.73434853
2023-01-17T15:00,39.8,2.7,293,14.06777457
2023-01-17T16:00,42.9,3.9,214,12.67825161
2023-01-17T17:00,43,3.7,209,8.409299233
2023-01-17T18:00,43.9,2.5,180,15.4080151
2023-01-17T19:00,45.1,9.3,196,13.68081449
2023-01-17T20:00,44.6,5.1,135,10.00624011
2023-01-17T21:00,45,6,213,11.4156629
2023-01-17T22:00,44.8,7,145,9.076132994
2023-01-17T23:00,45.3,8.7,185,10.85240819
2023-01-18T00:00,44.9,8.9,194,8.588269826
2023-01-18T01:00,43.8,10.3,209,12.36738453
2023-01-18T02:00,42.4,6.7,196,13.66013527
2023-01-18T03:00,41.8,6.5,199,8.873183681
2023-01-18T04:00,41.8,6.1,225,12.21156129
2023-01-18T05:00,40.7,6.6,209,14.79560786
2023-01-18T06:00,40.1,6.8,205,14.45281211
2023-01-18T07:00,40.1,7.7,233,12.13946925
2023-01-18T08:00,40.2,11.2,213,13.57954768
2023-01-18T09:00,40.6,11.2,230,14.34892129
2023-01-18T10:00,40.8,10.4,226,16.32843158
2023-01-18T11:00,41,13,224,13.65566666
2023-01-18T12:00,41.5,10.2,238,13.01444838
2023-01-18T13:00,43.2,7.2,267,15.35584886
2023-01-18T14:00,46.8,10.1,270,10.72375924
2023-01-18T15:00,49.1,20.9,285,15.43025314
2023-01-18T16:00,51.5,26.7,291,13.88984319
2023-01-18T17:00,53.2,28.4,294,8.51285231
2023-01-18T18:00,53.3,31.9,298,15.09660244
2023-01-18T19:00,53.9,29.2,290,9.28329111
2023-01-18T20:00,53.7,27.1,293,12.21626372
2023-01-18T21:00,52.4,24.3,291,14.35250656
2023-01-18T22:00,50,18.7,289,16.50924677
2023-01-18T23:00,48.9,13.9,295,14.22409144
2023-01-19T00:00,48.6,18.7,289,15.92193541
2023-01-19T01:00,46.6,9.2,291,15.22517345
2023-01-19T02:00,46.2,10.3,282,12.52209062
2023-01-19T03:00,44.3,6.4,308,16.07645964
2023-01-19T04:00,43,8,333,8.153092506
2023-01-19T05:00,42.5,8.1,283,8.718607492
2023-01-19T06:00,41.4,7.2,333,13.49898607
2023-01-19T07:00,39,6.5,251,9.258273179
2023-01-19T08:00,39,9.3,257,12.57607548
2023-01-19T09:00,38.7,8.7,265,7.81822073
2023-01-19T10:00,38.2,5.4,266,12.8867607
2023-01-19T11:00,38.2,4.8,257,13.6081249
2023-01-19T12:00,38.5,5.8,356,13.42819304
2023-01-19T13:00,39.9,3.7,209,15.55690161
2023-01-19T14:00,41.9,2.4,63,13.11402647
2023-01-19T15:00,41.3,8.9,50,13.09082716
2023-01-19T16:00,41.5,8,108,13.93904768
2023-01-19T17:00,40.9,4.8,117,12.72958648
2023-01-19T18:00,41.1,9.1,108,15.17318907
2023-01-19T19:00,40.9,10.1,88,13.96468914
2023-01-19T20:00,41,6.7,54,15.79120804
2023-01-19T21:00,40.5,12.4,54,10.41899753
2023-01-19T22:00,40.5,15.3,63,14.79010005
2023-01-19T23:00,40.4,10.3,61,15.32633634
2023-01-20T00:00,40.6,13.8,51,8.948055611
2023-01-20T01:00,41.1,12.7,47,7.894729417
2023-01-20T02:00,41,12.5,12,14.84065551
2023-01-20T03:00,40.5,18.3,32,15.94645971
2023-01-20T04:00,41.1,15.9,51,14.86143866
2023-01-20T05:00,41,11.2,318,14.96779761
2023-01-20T06:00,40.8,8.4,340,12.26396136
2023-01-20T07:00,40.7,8.9,256,14.5279958
2023-01-20T08:00,40.8,5.2,258,11.57010918
2023-01-20T09:00,40.3,5,249,12.37224284
2023-01-20T10:00,40.6,7.2,252,16.0244233
2023-01-20T11:00,40.7,8.1,238,15.6359044
2023-01-20T12:00,39.1,5.7,252,11.70018705
2023-01-20T13:00,38.7,1.9,248,13.01416259
2023-01-20T14:00,43.5,18,254,11.082272
2023-01-20T15:00,46,19.9,257,13.70975544
2023-01-20T16:00,46.7,23.9,264,13.42608864
2023-01-20T17:00,48.4,25.9,272,16.66452443
2023-01-20T18:00,47.8,27.1,274,15.19935013
2023-01-20T19:00,46.9,24.8,269,12.26203882
2023-01-20T20:00,47.3,22.7,270,9.283524932
2023-01-20T21:00,45.3,23.4,271,14.19522843
2023-01-20T22:00,45.3,23.4,272,15.40471561
2023-01-20T23:00,43.7,16.2,267,12.93162649
2023-01-21T00:00,43.5,18.5,262,8.073310306
2023-01-21T01:00,41.3,13.4,256,15.91715504
2023-01-21T02:00,41.1,12.7,262,15.63738528
2023-01-21T03:00,42.2,15.1,271,14.63505621
2023-01-21T04:00,42,11.8,258,12.3745291
2023-01-21T05:00,42.3,8.3,275,16.66571952
2023-01-21T06:00,41.3,8.4,290,15.48306889
2023-01-21T07:00,40.5,12.4,296,10.69855945
2023-01-21T08:00,38.1,11.6,277,14.01745293
2023-01-21T09:00,37.3,12.4,296,16.35934703
2023-01-21T10:00,36.5,18.7,300,12.39362354
2023-01-21T11:00,36.6,16.3,298,15.74210747
2023-01-21T12:00,36.3,13.5,299,15.12164635
2023-01-21T13:00,36.2,16.3,315,16.41101965
2023-01-21T14:00,37.4,16.6,311,15.25863496
2023-01-21T15:00,38.3,19.2,322,8.667740262
2023-01-21T16:00,40,17.9,326,10.82554566
2023-01-21T17:00,40.3,16.8,318,12.85571535
2023-01-21T18:00,40.4,15.1,322,8.899162881
2023-01-21T19:00,39.8,13,318,15.97160755
2023-01-21T20:00,39.8,10.3,306,14.99645278
2023-01-21T21:00,39.1,9,299,12.52416904
2023-01-21T22:00,38.3,8.4,290,14.09209103
2023-01-21T23:00,37.6,8,275,16.23126965
2023-01-22T00:00,36.8,3.8,287,13.63405214
2023-01-22T01:00,37.2,6.2,306,12.42001842
2023-01-22T02:00,36.5,7.9,294,14.7630037
2023-01-22T03:00,37.1,6.1,267,14.73718038
2023-01-22T04:00,37.5,5.4,266,8.04969531
2023-01-22T05:00,36.5,10.7,222,7.791540063
2023-01-22T06:00,36.2,5.5,293,16.4602761
2023-01-22T07:00,35.5,4.6,288,15.51104857
2023-01-22T08:00,35.1,10.6,252,10.77265197
2023-01-22T09:00,36,7.9,246,14.30249668
2023-01-22T10:00,36,3.4,212,8.357236911
2023-01-22T11:00,35.1,5.4,222,14.63370524
2023-01-22T12:00,35.6,8.7,218,8.745132278
2023-01-22T13:00,35.6,4.7,180,12.44636134
2023-01-22T14:00,36.8,10.4,180,8.564135224
2023-01-22T15:00,38.3,5.8,158,9.179764013
2023-01-22T16:00,39.2,9.4,187,14.13913916
2023-01-22T17:00,40.7,12.1,190,14.97148681
2023-01-22T18:00,40.8,10.9,172,14.3760696
2023-01-22T19:00,39.8,9.5,143,12.72878109
2023-01-22T20:00,40.3,8.7,135,15.09758969
2023-01-22T21:00,40,8.5,118,10.49561014
2023-01-22T22:00,39,8.4,100,7.843290621
2023-01-22T23:00,38.1,6.5,71,16.23033436
2023-01-23T00:00,38,5.2,16,10.67276211
2023-01-23T01:00,37.3,7.2,354,13.19204202
2023-01-23T02:00,37.2,14.2,16,16.12488472
2023-01-23T03:00,37.3,14.7,17,14.94085714
2023-01-23T04:00,37.7,15.7,9,14.65794376
2023-01-23T05:00,37.5,15.9,13,13.91054839
2023-01-23T06:00,37.7,17.2,16,12.44701085
2023-01-23T07:00,37.5,16.1,340,15.96924334
2023-01-23T08:00,37.9,14.9,352,16.07614787
2023-01-23T09:00,37.6,14.5,341,12.49894327
2023-01-23T10:00,37.7,15.5,329,11.93285672
2023-01-23T11:00,37.6,14.2,353,14.47811582
2023-01-23T12:00,37.4,11.2,339,15.55999326
2023-01-23T13:00,37.5,10.4,314,13.60838471
2023-01-23T14:00,38,8.6,345,13.04073934
2023-01-23T15:00,38.1,13.9,295,15.68882407
2023-01-23T16:00,37.6,12.4,306,14.01732302
2023-01-23T17:00,37.3,15.5,295,14.01290638
2023-01-23T18:00,37.7,21.5,288,8.61461275
2023-01-23T19:00,37,19.3,303,14.92090536
2023-01-23T20:00,36.3,20.2,289,11.8008823
2023-01-23T21:00,37.2,20,288,16.0749268
2023-01-23T22:00,37.3,17.4,288,15.9707502
2023-01-23T23:00,37.2,25.9,295,15.09486176
2023-01-24T00:00,35.8,22.1,296,12.91068746
2023-01-24T01:00,35.6,21.3,292,16.66288767
2023-01-24T02:00,34.6,24.9,288,7.563780661
2023-01-24T03:00,34.2,23.3,287,13.14257772
2023-01-24T04:00,34.3,16.6,283,11.13623088
2023-01-24T05:00,33,20.4,287,12.88179847
2023-01-24T06:00,33.6,16.6,275,15.92266286
2023-01-24T07:00,33.5,14.2,261,15.30378654
2023-01-24T08:00,33.6,14.3,236,14.864946
2023-01-24T09:00,34.1,15.9,245,16.59040593
2023-01-24T10:00,33.9,14.8,241,8.563121994
2023-01-24T11:00,34.3,15.5,242,12.73026197
2023-01-24T12:00,34.1,15.4,249,13.85858999
2023-01-24T13:00,35.2,15.1,252,12.03809851
2023-01-24T14:00,36.4,13.5,245,14.04176939
2023-01-24T15:00,38.9,18.2,245,10.18398963
2023-01-24T16:00,41.1,17.8,249,10.51839377
2023-01-24T17:00,44.3,19.2,262,7.509354135
2023-01-24T18:00,45.8,23.8,272,10.72175876
2023-01-24T19:00,45.3,29.2,286,13.78119798
2023-01-24T20:00,45,29.3,286,11.1067963
2023-01-24T21:00,43.8,25.4,286,13.47654019
2023-01-24T22:00,40.5,22.4,281,14.5538451
2023-01-24T23:00,39.5,13.3,283,15.07353303
2023-01-25T00:00,39.3,14.7,281,15.58506315
2023-01-25T01:00,38.6,13.8,290,11.23791338
2023-01-25T02:00,37.9,10.6,294,13.7099373
2023-01-25T03:00,37.3,10.7,312,14.47996042
2023-01-25T04:00,37.1,9.3,298,13.8356245
2023-01-25T05:00,35.4,3.7,299,15.32932407
2023-01-25T06:00,34.4,6.5,264,15.66528702
2023-01-25T07:00,32.1,7.2,252,8.847905948
2023-01-25T08:00,31.2,7.1,300,16.63979228
2023-01-25T09:00,30.9,4.2,301,13.80902178
2023-01-25T10:00,31.6,4.1,285,12.2645589
2023-01-25T11:00,31.9,5.6,243,7.822533454
2023-01-25T12:00,32.5,3.9,124,12.44706281
2023-01-25T13:00,34.2,1,45,14.96914858
2023-01-25T14:00,36,3.5,66,13.70772898
2023-01-25T15:00,38.2,9.6,103,13.7070535
2023-01-25T16:00,39.4,8.4,80,9.721300279
2023-01-25T17:00,39.8,8.9,104,13.24807932
2023-01-25T18:00,40,9.8,96,15.14549517
2023-01-25T19:00,36.7,13.2,73,15.09351079
2023-01-25T20:00,36.6,18.2,76,8.693927305
2023-01-25T21:00,37.5,15.8,73,8.564031303
2023-01-25T22:00,39.1,19.8,93,8.565564139
2023-01-25T23:00,42.4,20.5,92,14.89793987
2023-01-26T00:00,44.7,24.8,91,8.125502529
2023-01-26T01:00,46.5,35.2,101,14.81262387
2023-01-26T02:00,49.8,26.6,117,10.28510057
2023-01-26T03:00,52.5,32.2,156,15.04402051
2023-01-26T04:00,53.6,32.1,160,15.17524151
2023-01-26T05:00,54.1,22.5,164,14.81457239
2023-01-26T06:00,54.8,27,164,10.82952064
2023-01-26T07:00,55.2,14.5,174,8.819302741
2023-01-26T08:00,53.7,18.2,262,13.31910617
2023-01-26T09:00,51.3,16.6,246,13.60469551
2023-01-26T10:00,48.7,14,244,12.26354567
2023-01-26T11:00,46.9,23.6,249,11.62326268
2023-01-26T12:00,45,22.4,251,15.97080216
2023-01-26T13:00,42.9,21.2,255,7.895456864
2023-01-26T14:00,43.5,23,241,13.01044742
2023-01-26T15:00,43.4,25.4,245,15.74221139
2023-01-26T16:00,44,29.5,252,16.07547239
2023-01-26T17:00,43.9,31.9,252,12.47519837
2023-01-26T18:00,43.8,31.6,253,12.67830357
2023-01-26T19:00,43.1,28.8,252,9.334651965
2023-01-26T20:00,43,29.4,253,8.79527206
2023-01-26T21:00,42.2,27.3,254,12.62447459
2023-01-26T22:00,41.7,24.1,250,8.717022696
2023-01-26T23:00,41.1,23.5,249,12.26619566
2023-01-27T00:00,40,21.9,250,8.899864348
2023-01-27T01:00,39.4,18.5,246,8.719568762
2023-01-27T02:00,39.2,16.6,240,7.433598876
2023-01-27T03:00,38.6,18.2,243,14.81501406
2023-01-27T04:00,38.1,16.3,235,16.17868772
2023-01-27T05:00,37.3,16.7,237,14.8369923
2023-01-27T06:00,36.8,17.1,240,14.99156849
2023-01-27T07:00,35.8,13.7,243,14.25053828
2023-01-27T08:00,35.1,12.5,237,8.483547636
2023-01-27T09:00,34.1,9,233,9.307971297
2023-01-27T10:00,33,7.6,245,15.22564109
2023-01-27T11:00,32.3,5.2,245,14.03667726
2023-01-27T12:00,32.4,7.1,255,11.52093067
2023-01-27T13:00,33.6,5.5,247,8.692316529
2023-01-27T14:00,36.9,8.2,285,13.34594272
2023-01-27T15:00,39.5,6.8,252,8.229757074
2023-01-27T16:00,41.4,11.9,235,13.93883984
2023-01-27T17:00,42.1,12,219,13.14408458
2023-01-27T18:00,41.4,13.8,219,9.463794539
2023-01-27T19:00,41.3,12.9,234,16.12758667
2023-01-27T20:00,41.2,15.5,239,15.30370859
2023-01-27T21:00,40.8,15.5,245,14.73297158
2023-01-27T22:00,38.7,11,229,8.151975354
2023-01-27T23:00,37.1,8,260,15.92061042
2023-01-28T00:00,35.7,6.1,242,12.52637737
2023-01-28T01:00,34.1,7.4,227,14.93890862
2023-01-28T02:00,33.7,8.9,238,16.10113982
2023-01-28T03:00,32.2,7.1,210,10.92774777
2023-01-28T04:00,32,7.1,204,14.34762227
2023-01-28T05:00,31.7,8.4,200,12.6538572
2023-01-28T06:00,32,7.6,183,14.50196464
2023-01-28T07:00,31.8,8.9,201,12.91266196
2023-01-28T08:00,32.6,10.1,180,14.81251995
2023-01-28T09:00,34,14.9,195,16.45900307
2023-01-28T10:00,34.6,12.4,188,9.669861483
2023-01-28T11:00,34.6,10,201,7.534917651
2023-01-28T12:00,34.1,9.9,199,14.91789165
2023-01-28T13:00,35.5,13.6,202,10.30933909
2023-01-28T14:00,38.4,15,204,13.70887211
2023-01-28T15:00,40.9,13.8,219,16.15083794
2023-01-28T16:00,45.4,16.1,222,12.95867088
2023-01-28T17:00,50.8,19.5,231,12.80575742
2023-01-28T18:00,53,26.4,250,15.14513144
2023-01-28T19:00,53.4,22,249,13.50345468
2023-01-28T20:00,52.8,20.4,253,13.1910028
2023-01-28T21:00,51.6,17.7,241,15.43183794
2023-01-28T22:00,48.9,9.6,236,7.846901878
2023-01-28T23:00,48.6,7.7,208,8.461023811
2023-01-29T00:00,48,8.1,201,13.52844663
2023-01-29T01:00,47.3,7.3,213,7.513017352
2023-01-29T02:00,45.4,7.5,197,7.715057356
2023-01-29T03:00,43.5,4.5,194,15.43453989
2023-01-29T04:00,42.9,6.6,225,15.99802841
2023-01-29T05:00,43.1,6.4,223,15.22340679
2023-01-29T06:00,41.1,6.1,242,12.19192127
2023-01-29T07:00,41.4,8,170,11.18595497
2023-01-29T08:00,39.5,4.7,189,8.411715397
2023-01-29T09:00,39.4,4.8,138,15.14796329
2023-01-29T10:00,38.2,5.2,168,8.845333902
2023-01-29T11:00,36.9,3.3,49,13.2984789
2023-01-29T12:00,37.6,2,225,9.105203846
2023-01-29T13:00,39.4,3.6,180,11.95644573
2023-01-29T14:00,44.3,8.3,185,13.11314314
2023-01-29T15:00,46.3,10.9,174,8.511994962
2023-01-29T16:00,48.3,14.1,184,15.3023836
2023-01-29T17:00,51.7,13,175,15.60633993
2023-01-29T18:00,52.4,15.7,164,16.25379347
2023-01-29T19:00,53.2,11.4,198,15.09579705
2023-01-29T20:00,53.6,16.9,204,14.89196441
2023-01-29T21:00,52.5,17.9,205,15.301864
2023-01-29T22:00,50.9,14.6,200,13.80631983
2023-01-29T23:00,49,15.1,205,14.19156521
2023-01-30T00:00,47.7,15.6,214,8.717698183
2023-01-30T01:00,47.7,11.6,210,11.48902797
2023-01-30T02:00,47.4,11.2,228,10.08246302
2023-01-30T03:00,46.7,11,232,10.13109594
2023-01-30T04:00,45.9,10.2,231,14.50500433
2023-01-30T05:00,43.8,10,232,15.86665153
2023-01-30T06:00,42.8,9.8,242,16.46251041
2023-01-30T07:00,42.4,6.9,231,11.21577925
2023-01-30T08:00,41.3,5.7,235,11.70346056
2023-01-30T09:00,40.5,3.7,241,10.59664313
2023-01-30T10:00,39.4,3.8,221,14.40223066
2023-01-30T11:00,38.9,0.7,270,13.83785881
2023-01-30T12:00,39.9,3.1,159,11.90453929
2023-01-30T13:00,40.8,6.8,155,13.76046679
2023-01-30T14:00,42.6,6.7,196,9.386740267
2023-01-30T15:00,45.9,7.4,203,15.38837508
2023-01-30T16:00,49.2,7.6,225,15.63790488
2023-01-30T17:00,51.6,10.8,182,10.41343775
2023-01-30T18:00,52.7,11.1,193,13.63049285
2023-01-30T19:00,53,10.8,195,15.04942441
2023-01-30T20:00,54,11.3,187,13.83653381
2023-01-30T21:00,54.1,12.6,178,12.08636772
2023-01-30T22:00,50.6,10.6,152,15.32750545
2023-01-30T23:00,47.2,7.6,149,12.03828037
2023-01-31T00:00,46.2,7.2,177,13.14130469
2023-01-31T01:00,47.5,9.7,195,14.24923927
2023-01-31T02:00,47,6.4,207,16.04707702
2023-01-31T03:00,46,6.9,223,15.91946728
2023-01-31T04:00,46,5.8,184,14.99034741
2023-01-31T05:00,46.2,5.9,218,13.62742718
2023-01-31T06:00,47.3,7.1,246,11.51921597
2023-01-31T07:00,47.7,6.8,252,13.55297093
2023-01-31T08:00,44.7,14.3,335,11.26145043
2023-01-31T09:00,40.3,17.9,341,9.97888396
2023-01-31T10:00,39,17.2,340,11.31839704
2023-01-31T11:00,36.6,13.4,333,8.716658972
2023-01-31T12:00,35.5,12.2,346,12.26778045
2023-01-31T13:00,35,11.6,338,12.37268451
2023-01-31T14:00,34.8,8.4,350,14.8467349
2023-01-31T15:00,35.9,12.4,334,15.61026295
2023-01-31T16:00,36.9,11.3,333,15.070935
2023-01-31T17:00,38.1,10.3,324,15.71436161
2023-01-31T18:00,37.9,13,318,11.80371414
2023-01-31T19:00,38.4,12.3,308,15.81830439
2023-01-31T20:00,38.9,15.1,310,12.23930715
2023-01-31T21:00,38,10.9,314,14.03722284
2023-01-31T22:00,36.3,8.2,311,14.76308164
2023-01-31T23:00,35.6,4.6,309,12.7554098
2023-02-01T00:00,34.6,8.3,272,15.27972987
2023-02-01T01:00,33.9,10.1,333,14.35188304
2023-02-01T02:00,32.7,8.2,15,8.53776632
2023-02-01T03:00,31.8,8.5,36,15.97041245
2023-02-01T04:00,31.1,12.4,8,8.099133625
2023-02-01T05:00,30.1,14.5,14,14.4037635
2023-02-01T06:00,30.1,13.6,22,8.898825138
2023-02-01T07:00,29.9,10.3,12,7.63950994
2023-02-01T08:00,30,10.1,358,16.02343605
2023-02-01T09:00,29.3,12.7,8,14.37500441
2023-02-01T10:00,27.2,14.8,3,8.359029549
2023-02-01T11:00,26.4,9.4,360,14.87053175
2023-02-01T12:00,28.5,12.4,17,10.57048207
2023-02-01T13:00,28.8,9.4,18,12.55272029
2023-02-01T14:00,29,10.4,360,9.361514494
2023-02-01T15:00,29.8,8.3,342,12.62569566
2023-02-01T16:00,31.7,7.9,344,11.21211604
2023-02-01T17:00,33.8,8.2,293,13.73147388
2023-02-01T18:00,36.3,13.5,279,8.334713086
2023-02-01T19:00,37.5,15.1,258,13.81299676
2023-02-01T20:00,39.2,14.3,258,14.815092
2023-02-01T21:00,38.1,12.5,258,9.178387059
2023-02-01T22:00,36.4,11.9,272,9.154174516
2023-02-01T23:00,34.1,11.5,284,15.63806076
2023-02-02T00:00,32.4,8.7,322,8.103030664
2023-02-02T01:00,30.8,15,343,14.967278
2023-02-02T02:00,30.4,8.1,315,11.87998901
2023-02-02T03:00,29.8,8.5,332,11.51802088
2023-02-02T04:00,29.4,5.1,315,15.40669011
2023-02-02T05:00,29.1,7.3,340,15.943446
2023-02-02T06:00,28.7,4.3,275,7.609503799
2023-02-02T07:00,26.1,4.4,325,13.57830063
2023-02-02T08:00,26.7,4.7,4,15.81635587
2023-02-02T09:00,26.4,5.8,356,10.234675
2023-02-02T10:00,25.7,4.4,9,10.1082084
2023-02-02T11:00,27,1.1,180,14.99460818
2023-02-02T12:00,26.8,0.5,135,13.6575892
2023-02-02T13:00,28.1,1.5,284,16.43647924
2023-02-02T14:00,31.4,4.3,204,15.42952569
2023-02-02T15:00,33.7,11.6,216,11.74869007
2023-02-02T16:00,35.9,13.5,214,7.818584454
2023-02-02T17:00,37.4,16.4,206,9.409731737
2023-02-02T18:00,38.2,17.1,202,14.1207462
2023-02-02T19:00,39.4,17.9,218,9.000481656
2023-02-02T20:00,39.8,18.5,217,15.19854474
2023-02-02T21:00,39.8,17.4,214,13.88820643
2023-02-02T22:00,37.9,16.3,225,15.50564468
2023-02-02T23:00,37,15.8,223,15.86631379
2023-02-03T00:00,36.4,17.9,218,9.718728233
2023-02-03T01:00,36.3,16,216,8.949640407
2023-02-03T02:00,35.8,17.2,206,13.57739132
2023-02-03T03:00,35,15.9,218,13.78756314
2023-02-03T04:00,34.3,16.1,214,14.29841778
2023-02-03T05:00,34.3,19.1,227,11.62308081
2023-02-03T06:00,33.7,19.1,224,9.463067091
2023-02-03T07:00,33.1,18.7,220,11.13584117
2023-02-03T08:00,33.1,19.1,229,12.57841371
2023-02-03T09:00,33.6,16.7,256,14.83735602
2023-02-03T10:00,31.8,21,305,14.8910551
2023-02-03T11:00,28.8,27.3,306,11.59494525
2023-02-03T12:00,25.6,29.2,300,14.81033761
2023-02-03T13:00,24.2,27.9,308,8.718087887
2023-02-03T14:00,24.1,30.8,314,11.80236317
2023-02-03T15:00,24.2,32.6,311,11.06130699
2023-02-03T16:00,23.8,34,300,14.93875274
2023-02-03T17:00,24,35,292,7.844615615
2023-02-03T18:00,24.3,37.8,297,8.306161839
2023-02-03T19:00,23.4,37.2,292,14.83564132
2023-02-03T20:00,22.1,40.2,285,14.17101588
2023-02-03T21:00,19.9,36.1,290,15.43248744
2023-02-03T22:00,18.7,34,291,12.49618936
2023-02-03T23:00,17.5,37,291,12.78185665
2023-02-04T00:00,14.8,38.2,295,15.40637834
2023-02-04T01:00,13.4,35.4,291,14.83943444
2023-02-04T02:00,12.5,28.2,289,15.09891468
2023-02-04T03:00,11.4,31.2,291,13.14143459
2023-02-04T04:00,11.3,31.3,287,16.56632329
2023-02-04T05:00,10.6,28.2,300,15.56056483
2023-02-04T06:00,11,27.2,305,14.9394542
2023-02-04T07:00,9.3,24.8,310,14.68675481
2023-02-04T08:00,7.3,30.1,311,14.07068436
2023-02-04T09:00,6.6,21.7,310,15.12047724
2023-02-04T10:00,5.2,22.6,295,14.71356538
2023-02-04T11:00,3.7,21.2,291,14.32291611
2023-02-04T12:00,4,22.5,292,15.61364038
2023-02-04T13:00,4.5,20.8,284,13.21368251
2023-02-04T14:00,7,19.5,286,15.33044122
2023-02-04T15:00,10,18.5,283,14.14425728
2023-02-04T16:00,13.1,15.9,295,16.66920088
2023-02-04T17:00,15.6,11.4,294,13.96648178
2023-02-04T18:00,17.5,10.1,274,13.81234725
2023-02-04T19:00,20.3,7.8,257,7.637691321
2023-02-04T20:00,21.9,6.9,227,16.2020689
2023-02-04T21:00,22.7,9.8,208,11.95997905
2023-02-04T22:00,22.7,11.9,182,13.19638072
2023-02-04T23:00,22.4,10.8,184,8.077233326
2023-02-05T00:00,22.7,9.1,173,15.66107821
2023-02-05T01:00,23.8,10.9,186,13.91486112
2023-02-05T02:00,24.6,18.9,193,14.47892121
2023-02-05T03:00,25,18.8,200,13.89077848
2023-02-05T04:00,25.7,15.5,184,12.59823559
2023-02-05T05:00,26.4,16.7,186,9.724002226
2023-02-05T06:00,26.2,19.2,188,9.999952891
2023-02-05T07:00,28,13,186,15.2265504
2023-02-05T08:00,29.6,14.7,191,13.88895986
2023-02-05T09:00,30,13.6,202,11.31327893
2023-02-05T10:00,30.8,12.7,205,9.154927944
2023-02-05T11:00,29.7,12,201,13.3464883
2023-02-05T12:00,30.4,11.2,195,7.538424987
2023-02-05T13:00,33.1,10.9,197,8.718477591
2023-02-05T14:00,33.8,13.9,201,11.59523104
2023-02-05T15:00,35.6,16.6,222,12.44228244
2023-02-05T16:00,38.2,12.6,217,13.03899866
2023-02-05T17:00,41.7,11.8,207,14.24947309
2023-02-05T18:00,44.8,11.9,182,14.90045995
2023-02-05T19:00,47.1,17.1,172,13.65686175
2023-02-05T20:00,47.2,13.4,174,10.87578937
2023-02-05T21:00,48,7.6,161,8.281455672
2023-02-05T22:00,45.1,5.5,148,16.07391357
2023-02-05T23:00,41.9,6.9,133,13.91270476
2023-02-06T00:00,40.8,3,194,12.80747212
2023-02-06T01:00,40,2.4,207,7.998360435
2023-02-06T02:00,38.6,2.3,198,15.14923633
2023-02-06T03:00,39,4,180,12.55082373
2023-02-06T04:00,38.3,5.2,155,14.50684893
2023-02-06T05:00,37.4,7.2,162,12.166046
2023-02-06T06:00,38.4,9,164,8.149896933
2023-02-06T07:00,38.6,7.1,195,15.53549494
2023-02-06T08:00,37.6,4.8,207,12.90782963
2023-02-06T09:00,36.3,4.3,175,7.739529702
2023-02-06T10:00,34,5.2,348,16.43468661
2023-02-06T11:00,32.6,4.9,17,13.19554935
2023-02-06T12:00,33.1,3.1,315,11.5721876
2023-02-06T13:00,35.3,4.3,294,13.75846631
2023-02-06T14:00,41.4,9.8,336,9.873772066
2023-02-06T15:00,45.7,15.8,343,14.22474094
2023-02-06T16:00,49.9,18.4,357,14.37503039
2023-02-06T17:00,51.6,25.3,355,14.37775832
2023-02-06T18:00,50.8,27.1,338,15.71233515
2023-02-06T19:00,50.2,27.9,331,8.02579453
2023-02-06T20:00,48.6,29.1,342,15.50616428
2023-02-06T21:00,46.4,26.5,342,15.01863886
2023-02-06T22:00,45.4,24.8,343,8.615340197
2023-02-06T23:00,43.5,21.4,352,9.362241941
2023-02-07T00:00,41.8,14.6,350,8.974164713
2023-02-07T01:00,39.7,10.6,336,15.66170174
2023-02-07T02:00,38.8,11.3,333,15.50572262
2023-02-07T03:00,36.6,11.8,333,16.15398155
2023-02-07T04:00,34.6,13.9,343,11.54519517
2023-02-07T05:00,32.7,12.1,343,12.96371105
2023-02-07T06:00,31,12.1,337,14.68522198
2023-02-07T07:00,30,9.4,7,11.44377248
2023-02-07T08:00,30,10.9,352,15.4022215
2023-02-07T09:00,29,10.9,333,16.5893927
2023-02-07T10:00,26.4,9.6,326,15.61060069
2023-02-07T11:00,24.1,6.6,315,13.91441945
2023-02-07T12:00,23.6,3.1,339,14.9434032
2023-02-07T13:00,27.9,4,5,11.64965756
2023-02-07T14:00,32.6,7.2,27,14.76456251
2023-02-07T15:00,35.4,7.4,51,9.232216038
2023-02-07T16:00,38.8,6,123,13.19279544
2023-02-07T17:00,39.6,13.8,208,9.722209588
2023-02-07T18:00,39,13,152,16.51316979
2023-02-07T19:00,39.3,11.8,157,13.6553549
2023-02-07T20:00,39.9,15.8,131,14.7413632
2023-02-07T21:00,39.1,13.2,145,15.86896378
2023-02-07T22:00,39.9,11.9,145,15.1468981
2023-02-07T23:00,39.9,16.1,146,15.19706387
2023-02-08T00:00,39.6,13.6,163,8.846892717
2023-02-08T01:00,40.5,14.2,187,10.7731456
2023-02-08T02:00,41.7,14.6,200,11.3936327
2023-02-08T03:00,41.3,7.2,207,11.54501331
2023-02-08T04:00,39.7,7,145,15.71360818
2023-02-08T05:00,39.7,7.2,183,15.7910002
2023-02-08T06:00,39.8,9.1,187,9.102579839
2023-02-08T07:00,39.2,9.4,198,11.5739023
2023-02-08T08:00,37.9,4.7,238,15.30664436
2023-02-08T09:00,35.9,6.2,234,13.19625082
2023-02-08T10:00,36,7.9,240,14.78997015
2023-02-08T11:00,35.7,7.2,273,12.47535425
2023-02-08T12:00,34.6,3.8,253,8.614482849
2023-02-08T13:00,37.5,2.5,225,12.08382165
2023-02-08T14:00,45.4,20.4,311,14.76393899
2023-02-08T15:00,48.2,23.5,293,13.63005118
2023-02-08T16:00,48.7,24.8,300,12.55446097
2023-02-08T17:00,50.3,23.3,309,12.41858951
2023-02-08T18:00,51.6,17.6,293,12.21608186
2023-02-08T19:00,52.7,15.8,282,11.26259356
2023-02-08T20:00,53.8,16.5,280,14.89845947
2023-02-08T21:00,54.2,14.8,273,14.29631338
2023-02-08T22:00,52.2,13.3,268,14.50074357
2023-02-08T23:00,48.4,6.3,246,14.76105518
2023-02-09T00:00,46.7,7.7,298,15.48112037
2023-02-09T01:00,45.4,6.9,309,15.76559256
2023-02-09T02:00,43.8,5.1,274,15.01936631
2023-02-09T03:00,41.8,1.1,18,7.615219456
2023-02-09T04:00,39.6,2.9,180,12.03633186
2023-02-09T05:00,38.2,4.7,247,15.86675546
2023-02-09T06:00,36.2,3.1,36,13.47947596
2023-02-09T07:00,37,2.9,90,13.37540327
2023-02-09T08:00,37.1,2.6,124,11.87889784
2023-02-09T09:00,36,2.5,315,15.09865488
2023-02-09T10:00,34.4,3.4,58,10.54424306
2023-02-09T11:00,33.8,0.5,135,16.48685285
2023-02-09T12:00,35.4,3.6,217,8.972320114
2023-02-09T13:00,38.8,1.8,323,13.26571885
2023-02-09T14:00,42,3.1,21,15.97282862
2023-02-09T15:00,44.7,2.1,59,16.30689501
2023-02-09T16:00,45.7,7.2,93,12.95947626
2023-02-09T17:00,47.6,13.8,110,15.56209766
2023-02-09T18:00,48.3,14.4,112,8.049929132
2023-02-09T19:00,51.5,16.9,130,8.333569954
2023-02-09T20:00,50.7,18.6,131,10.41330785
2023-02-09T21:00,51.4,14.5,136,16.40787604
2023-02-09T22:00,50.5,15.3,129,14.44977242
2023-02-09T23:00,49.9,16,144,15.01889866
2023-02-10T00:00,49.6,17.2,151,12.77855715
2023-02-10T01:00,52,15,159,13.1389145
2023-02-10T02:00,53.1,9.8,163,14.99159447
2023-02-10T03:00,52.6,8.2,131,13.94265894
2023-02-10T04:00,51.7,4.6,108,8.512748389
2023-02-10T05:00,49.6,7.4,137,13.0148121
2023-02-10T06:00,48.4,2.8,140,11.39168418
2023-02-10T07:00,47.8,4,175,12.09210935
2023-02-10T08:00,49.4,8.1,193,12.5742049
2023-02-10T09:00,51.1,4.6,225,12.93087306
2023-02-10T10:00,50.6,5.2,245,15.07194823
2023-02-10T11:00,53.4,10.3,209,14.6597364
2023-02-10T12:00,55,11.6,248,7.874102151
2023-02-10T13:00,56.6,15.3,261,13.24969009
2023-02-10T14:00,57.2,28.5,267,15.86800251
2023-02-10T15:00,58,28,263,12.7270664
2023-02-10T16:00,58.6,28.3,263,14.81340328
2023-02-10T17:00,59.7,26.8,264,15.76673569
2023-02-10T18:00,59.4,28.6,264,8.589542859
2023-02-10T19:00,58.8,29.3,275,12.98784565
2023-02-10T20:00,58.2,27.1,275,14.96868094
2023-02-10T21:00,57.3,25,276,14.91648871
2023-02-10T22:00,54.8,20.9,281,15.58477737
2023-02-10T23:00,52.3,14.7,295,14.08821997
2023-02-11T00:00,49.8,11.5,302,13.83648185
2023-02-11T01:00,48.4,11.7,281,12.13749475
2023-02-11T02:00,48.8,19.4,269,8.5118131
2023-02-11T03:00,46.8,18.1,265,16.53961664
2023-02-11T04:00,46.3,23.8,260,15.91858395
2023-02-11T05:00,44.7,19.3,256,12.90476396
2023-02-11T06:00,45.2,31,290,12.21257452
2023-02-11T07:00,42.9,24.3,285,15.00294784
2023-02-11T08:00,41.8,20.4,291,15.2004413
2023-02-11T09:00,39.9,17.3,291,14.40329585
2023-02-11T10:00,39.1,19.2,293,14.68862539
2023-02-11T11:00,37.2,20.6,297,12.65455867
2023-02-11T12:00,36.6,16.2,323,14.99302338
2023-02-11T13:00,37.5,19.6,296,13.34726771
2023-02-11T14:00,38.8,18.2,308,11.90705938
2023-02-11T15:00,40.6,23.1,307,13.80733306
2023-02-11T16:00,42.9,21,308,15.17170819
2023-02-11T17:00,44.6,18,307,15.35608268
2023-02-11T18:00,45.2,20.6,303,10.00265484
2023-02-11T19:00,46.1,15.6,304,8.308552023
2023-02-11T20:00,46.7,15.1,303,13.93850209
2023-02-11T21:00,46,12.3,291,11.52321693
2023-02-11T22:00,43.8,9.2,296,15.45719361
2023-02-11T23:00,41.4,7.9,344,12.90946638
2023-02-12T00:00,40.2,6.4,297,15.58542688
2023-02-12T01:00,38.6,5.5,11,10.44157332
2023-02-12T02:00,36.8,6.7,216,11.00282754
2023-02-12T03:00,35.3,2.2,270,12.57895929
2023-02-12T04:00,35.3,5.9,137,13.08617669
2023-02-12T05:00,36.3,6.1,177,12.03516274
2023-02-12T06:00,33.7,4.8,167,9.411758197
2023-02-12T07:00,33.6,2.5,225,13.03886876
2023-02-12T08:00,32.6,3.8,197,16.17762253
2023-02-12T09:00,33,5.9,194,15.99735292
2023-02-12T10:00,31.7,4,207,11.23521143
2023-02-12T11:00,31.9,1.5,166,15.12478996
2023-02-12T12:00,32.3,1,225,13.01470818
2023-02-12T13:00,34.2,1.8,127,12.57300981
2023-02-12T14:00,39.5,2.9,263,12.9871182
2023-02-12T15:00,42.8,3.2,270,15.22545923
2023-02-12T16:00,45.4,4.6,231,15.41391262
2023-02-12T17:00,48.5,7.3,169,12.2127304
2023-02-12T18:00,46.5,8,175,12.72688453
2023-02-12T19:00,47.3,6.5,161,8.538207984
2023-02-12T20:00,47.1,2.6,106,14.89082128
2023-02-12T21:00,46.9,5,60,15.45828478
2023-02-12T22:00,45.5,5.6,45,15.79474135
2023-02-12T23:00,44.1,6.4,43,12.86179473
2023-02-13T00:00,44.3,12.3,32,13.01366897
2023-02-13T01:00,44.1,9,37,14.19798233
2023-02-13T02:00,43.1,14.8,43,13.81052863
2023-02-13T03:00,41.7,17,32,14.14643962
2023-02-13T04:00,40,16.6,22,15.20028542
2023-02-13T05:00,39.8,14.9,8,14.94251988
2023-02-13T06:00,39.9,14.6,16,12.54773208
2023-02-13T07:00,40.6,15.9,18,13.26878452
2023-02-13T08:00,42.2,19.5,3,8.641709102
2023-02-13T09:00,40.6,15.5,359,13.60414992
2023-02-13T10:00,40.4,17,347,8.540338366
2023-02-13T11:00,39.1,14.1,345,15.12338703
2023-02-13T12:00,38.5,14,334,12.93232795
2023-02-13T13:00,39.6,10.8,334,10.49244055
2023-02-13T14:00,43.2,17.9,350,13.18882046
2023-02-13T15:00,45.6,17.3,348,15.76587835
2023-02-13T16:00,48.9,12.1,333,12.70597149
2023-02-13T17:00,52.3,8.2,311,15.0948098
2023-02-13T18:00,55.2,11,289,14.13981465
2023-02-13T19:00,56.5,11.5,274,15.30134439
2023-02-13T20:00,58,12.7,255,12.96028165
2023-02-13T21:00,57.3,13.9,249,13.37080477
2023-02-13T22:00,55.3,11,212,16.04803829
2023-02-13T23:00,54.5,13.7,235,14.14404943
2023-02-14T00:00,53.4,20.9,251,14.19592989
2023-02-14T01:00,52.3,17,253,14.88804139
2023-02-14T02:00,50.4,17.2,237,8.332738586
2023-02-14T03:00,50.2,17,234,12.72932668
2023-02-14T04:00,47.7,12.6,270,13.47308481
2023-02-14T05:00,48.7,20.7,287,14.04384781
2023-02-14T06:00,47,18.2,295,11.31273334
2023-02-14T07:00,46.2,21.6,281,14.83647269
2023-02-14T08:00,44.8,27.7,288,13.68138606
2023-02-14T09:00,43.5,21.7,294,14.76331546
2023-02-14T10:00,42.8,19.6,296,15.27757351
2023-02-14T11:00,41.7,20.5,288,15.78975314
2023-02-14T12:00,40,17.9,295,15.89772287
2023-02-14T13:00,41.5,16.6,294,13.00938222
2023-02-14T14:00,43.8,16.1,299,16.53405686
2023-02-14T15:00,46.6,17.9,289,10.75025805
2023-02-14T16:00,49.2,15.6,304,16.58785986
2023-02-14T17:00,51,16,293,13.99259088
2023-02-14T18:00,52.5,15.9,288,13.24646854
2023-02-14T19:00,54,12.6,273,8.638903233
2023-02-14T20:00,55.2,14.5,264,12.4720028
2023-02-14T21:00,54.8,12.1,258,15.38094473
2023-02-14T22:00,54.1,8.8,251,13.19583513
2023-02-14T23:00,50.1,4.5,194,14.08775233
2023-02-15T00:00,46.8,9.4,173,15.43144823
2023-02-15T01:00,45.5,6.1,177,11.6999792
2023-02-15T02:00,44.2,6,155,15.19831092
2023-02-15T03:00,44,5.5,148,13.96744305
2023-02-15T04:00,43.3,4.7,184,16.45967856
2023-02-15T05:00,43.4,4.8,193,14.09544249
2023-02-15T06:00,42.1,5.8,180,11.62180778
2023-02-15T07:00,42.8,8.2,165,16.22695692
2023-02-15T08:00,43.5,6.8,177,8.972086292
2023-02-15T09:00,43.3,7.1,221,13.81026883
2023-02-15T10:00,43.8,6.7,144,15.4019617
2023-02-15T11:00,43.7,8.4,149,15.14671624
2023-02-15T12:00,43.6,10.1,174,15.91809033
2023-02-15T13:00,46.5,15,156,14.89656292
2023-02-15T14:00,48.1,17.4,156,8.485080472
2023-02-15T15:00,52.3,20.2,164,13.58037905
2023-02-15T16:00,55.4,18.4,163,15.22299111
2023-02-15T17:00,58.7,18.1,159,13.9129126
2023-02-15T18:00,59.8,17.7,147,11.15987185
2023-02-15T19:00,64.2,18,160,13.29538725
2023-02-15T20:00,65.5,18.2,188,15.32960985
2023-02-15T21:00,65.8,17,197,8.358302102
2023-02-15T22:00,62.8,12,196,7.537359796
2023-02-15T23:00,60.8,11.6,196,14.40301007
2023-02-16T00:00,59.4,7.6,185,13.52751134
2023-02-16T01:00,57.9,9.1,187,14.81355916
2023-02-16T02:00,56.8,7.7,169,12.39533823
2023-02-16T03:00,55.4,6,163,16.02146155
2023-02-16T04:00,55.2,7.2,177,7.534605888
2023-02-16T05:00,54.8,9.7,180,15.09701812
2023-02-16T06:00,53.7,10.1,182,11.49425
2023-02-16T07:00,53.3,6.6,189,10.69474035
2023-02-16T08:00,52.7,6.8,212,10.69357124
2023-02-16T09:00,52.6,7.2,233,13.5295378
2023-02-16T10:00,52,7.3,213,14.22305223
2023-02-16T11:00,53.1,7.9,227,15.89871012
2023-02-16T12:00,52.7,5.9,223,8.667740262
2023-02-16T13:00,54.7,5.8,180,11.10448406
2023-02-16T14:00,57.4,2.8,230,15.68822653
2023-02-16T15:00,61,4.3,336,11.67820881
2023-02-16T16:00,64.8,3.1,291,14.99208809
2023-02-16T17:00,66,9.2,211,15.96893158
2023-02-16T18:00,67.1,3.1,159,12.47532827
2023-02-16T19:00,68.1,8.4,187,12.63045005
2023-02-16T20:00,62.9,8.6,213,13.91210721
2023-02-16T21:00,55.3,9.9,170,15.92006483
2023-02-16T22:00,55.5,7.1,139,16.15153941
2023-02-16T23:00,54.8,4.3,48,15.38169816
2023-02-17T00:00,54.5,6.1,140,13.9671053
2023-02-17T01:00,53.5,5.1,176,16.66688863
2023-02-17T02:00,54.2,6.6,189,14.73751812
2023-02-17T03:00,54.6,10.1,182,7.459318274
2023-02-17T04:00,54.9,5.2,192,15.97204921
2023-02-17T05:00,54.5,6.6,202,15.30438408
2023-02-17T06:00,54.5,3.6,180,13.11348089
2023-02-17T07:00,54.3,6.2,216,12.34117151
2023-02-17T08:00,54.3,8.5,168,12.78206449
2023-02-17T09:00,53.4,6.2,144,14.53199676
2023-02-17T10:00,52.5,8,153,9.723300759
2023-02-17T11:00,53.4,3.4,212,7.637275637
2023-02-17T12:00,54.3,4,243,16.09971091
2023-02-17T13:00,55.9,10.5,218,15.63554068
2023-02-17T14:00,57.8,15.1,230,13.50511741
2023-02-17T15:00,58.2,18.3,212,14.99263368
2023-02-17T16:00,58.3,23.1,175,10.23280442
2023-02-17T17:00,60,12.7,223,14.99390671
2023-02-17T18:00,61,19.5,231,12.60317184
2023-02-17T19:00,51.9,25.5,301,16.0504025
2023-02-17T20:00,49.6,22.8,309,11.85720538
2023-02-17T21:00,45.3,26.8,310,11.85437353
2023-02-17T22:00,42.6,28.3,307,10.36410336
2023-02-17T23:00,40.7,27.9,299,14.22055812
2023-02-18T00:00,37.2,25.9,299,9.333924517
2023-02-18T01:00,35,24.5,300,11.4436166
2023-02-18T02:00,32.8,28.2,309,7.638756512
2023-02-18T03:00,31.7,25.6,298,11.80353228
2023-02-18T04:00,31,25.9,305,14.6859754
2023-02-18T05:00,30.6,29.6,307,16.20183507
2023-02-18T06:00,30.7,25.1,309,15.12341301
2023-02-18T07:00,30,21.7,310,12.85522172
2023-02-18T08:00,30,18.1,311,12.368086
2023-02-18T09:00,29.5,20.3,297,14.09097388
2023-02-18T10:00,29.2,18.5,294,16.40616134
2023-02-18T11:00,27.8,18.5,297,9.540199304
2023-02-18T12:00,27.1,18.9,283,11.46681591
2023-02-18T13:00,27.3,18.9,294,14.1186418
2023-02-18T14:00,29,19.5,298,8.511553297
2023-02-18T15:00,31.2,16.7,289,13.88893388
2023-02-18T16:00,33.6,14.4,283,12.75642303
2023-02-18T17:00,36.6,12.6,257,12.70303572
2023-02-18T18:00,39.4,14,244,13.16756967
2023-02-18T19:00,40.9,15.4,233,13.99051246
2023-02-18T20:00,42.6,13.9,233,12.03500686
2023-02-18T21:00,42.7,15.9,232,9.361540474
2023-02-18T22:00,41.9,13.8,231,12.19402568
2023-02-18T23:00,39.6,13.8,223,11.44281121
2023-02-19T00:00,39.4,15.8,223,15.14718389
2023-02-19T01:00,38.2,14.8,225,11.31304511
2023-02-19T02:00,38,13.8,213,11.98091808
2023-02-19T03:00,37,10.6,215,12.49689083
2023-02-19T04:00,35.6,9.4,212,11.98107396
2023-02-19T05:00,34.5,8.4,211,16.5858334
2023-02-19T06:00,34.2,6.9,219,16.12496266
2023-02-19T07:00,33.4,8.9,230,15.71314054
2023-02-19T08:00,32.6,9.4,230,12.16365581
2023-02-19T09:00,32.4,6.9,223,14.58335762
2023-02-19T10:00,32.4,6,205,13.32006744
2023-02-19T11:00,32.3,5.1,219,14.0887136
2023-02-19T12:00,32.5,6,197,12.03731911
2023-02-19T13:00,35.1,4,185,13.13896646
2023-02-19T14:00,38.5,5,180,11.87791059
2023-02-19T15:00,41.1,8,162,12.19360999
2023-02-19T16:00,43.6,10.7,168,12.85633887
2023-02-19T17:00,46.1,12.8,164,13.77982102
2023-02-19T18:00,47,18.1,133,8.744768554
2023-02-19T19:00,46.9,22.2,151,10.87760798
2023-02-19T20:00,47.1,26.5,146,8.667662322
2023-02-19T21:00,45.7,26.6,147,16.1264955
2023-02-19T22:00,44.2,23.2,150,11.05683838
2023-02-19T23:00,43.9,21.9,157,12.54949874
2023-02-20T00:00,43.3,17.2,160,11.5199694
2023-02-20T01:00,43,9.4,162,15.17020134
2023-02-20T02:00,42.8,2.3,129,14.27124349
2023-02-20T03:00,42.6,2.2,90,10.54374944
2023-02-20T04:00,41.5,2.6,34,14.96909662
2023-02-20T05:00,43.2,1.6,243,11.545429
2023-02-20T06:00,42.6,4,5,14.45964492
2023-02-20T07:00,41.9,5.1,4,8.486249584
2023-02-20T08:00,42.6,3.6,276,16.12259846
2023-02-20T09:00,41.1,5.8,210,8.254826965
2023-02-20T10:00,41.6,5.7,198,15.224446
2023-02-20T11:00,42.5,6.3,239,11.33969979
2023-02-20T12:00,44.5,8.6,180,9.284849926
2023-02-20T13:00,45.2,9.2,219,11.13475
2023-02-20T14:00,47.5,13.8,221,15.40692393
2023-02-20T15:00,47.7,16.2,212,13.99066834
2023-02-20T16:00,49.5,12.5,226,13.11753381
2023-02-20T17:00,52.4,13.2,241,9.026512817
2023-02-20T18:00,54.9,16.2,238,14.34858354
2023-02-20T19:00,60.3,17.1,248,12.85589721
2023-02-20T20:00,61.6,23.2,258,15.32973976
2023-02-20T21:00,61.2,20.5,260,15.99847008
2023-02-20T22:00,59.5,14.3,258,8.229263449
2023-02-20T23:00,56.4,10,249,8.513060152
2023-02-21T00:00,54.3,8.4,250,15.04251366
2023-02-21T01:00,54.3,6.6,225,10.59544804
2023-02-21T02:00,54,8,252,15.58472541
2023-02-21T03:00,51.6,5.1,352,13.34737163
2023-02-21T04:00,51.1,8,8,15.25032128
2023-02-21T05:00,48.3,9.5,11,12.42022626
2023-02-21T06:00,47,11,23,13.08789139
2023-02-21T07:00,46.2,5.4,312,14.81010379
2023-02-21T08:00,43.6,15.6,15,16.20536839
2023-02-21T09:00,41.1,16.3,354,10.74721836
2023-02-21T10:00,39,17.3,2,13.8609542
2023-02-21T11:00,37.4,12.9,23,14.7889829
2023-02-21T12:00,37.2,14.8,49,7.73934784
2023-02-21T13:00,36.9,15.5,22,12.9371343
2023-02-21T14:00,37.5,12.3,21,13.11498774
2023-02-21T15:00,38.1,9.4,18,15.66310468
2023-02-21T16:00,38.8,4.3,355,10.85243417
2023-02-21T17:00,40.5,1.1,90,15.4080151
2023-02-21T18:00,42.2,2.9,210,10.59355148
2023-02-21T19:00,42.9,0.8,153,15.58537492
2023-02-21T20:00,43.9,0.8,207,8.280754205
2023-02-21T21:00,43.8,5.8,210,14.738999
2023-02-21T22:00,42.5,11.5,134,14.40085371
2023-02-21T23:00,42.6,12.2,199,13.00917438
2023-02-22T00:00,42.6,6.4,223,7.559078233
2023-02-22T01:00,41.7,7.1,255,12.03240884
2023-02-22T02:00,41.4,9.6,290,15.7417957
2023-02-22T03:00,39.5,7.9,273,7.996411915
2023-02-22T04:00,38.9,7.3,279,8.768227669
2023-02-22T05:00,38.2,8.6,285,16.5136894
2023-02-22T06:00,37.2,7.8,292,13.70946966
2023-02-22T07:00,36,5.8,277,9.721144397
2023-02-22T08:00,35,7.3,261,14.35063598
2023-02-22T09:00,34.2,9,286,14.04434144
2023-02-22T10:00,33.2,4.3,265,16.02561839
2023-02-22T11:00,32.8,6.7,286,14.81342926
2023-02-22T12:00,32.6,5,291,14.83787563
2023-02-22T13:00,37.3,8.7,343,13.24337689
2023-02-22T14:00,40.7,9.4,4,13.94006091
2023-02-22T15:00,41.7,5.4,323,16.66774598
2023-02-22T16:00,42.1,3.1,249,14.73889507
2023-02-22T17:00,43.5,2.7,247,9.875746566
2023-02-22T18:00,43.9,1.9,248,8.821407142
2023-02-22T19:00,42.1,4.9,216,14.73595931
2023-02-22T20:00,39.8,2.2,360,14.71408499
2023-02-22T21:00,38.1,2.2,351,13.70822261
2023-02-22T22:00,37.2,12.6,37,15.68757702
2023-02-22T23:00,36.9,10.5,49,11.36495155
2023-02-23T00:00,37.2,13.4,54,11.13602303
2023-02-23T01:00,37.2,11.2,45,11.62378228
2023-02-23T02:00,37.1,11.5,58,14.86562148
2023-02-23T03:00,37.8,10.2,42,16.66852539
2023-02-23T04:00,38.1,13.1,58,9.724833595
2023-02-23T05:00,38.4,10.7,48,9.104892083
2023-02-23T06:00,38.1,13.3,41,12.54983648
2023-02-23T07:00,38.1,10.7,40,15.07322126
2023-02-23T08:00,37.9,14.8,29,8.463128212
2023-02-23T09:00,38.1,9.7,48,15.91962317
2023-02-23T10:00,38.3,10.6,35,14.86572541
2023-02-23T11:00,38.2,8.1,21,13.142214
2023-02-23T12:00,38.3,7.9,43,12.39806616
2023-02-23T13:00,38.5,9,16,11.15971597
2023-02-23T14:00,38,11.8,27,13.24158425
2023-02-23T15:00,38.7,14.7,28,13.19115869
2023-02-23T16:00,39,13.5,25,14.01501078
2023-02-23T17:00,39.8,11.5,32,7.947856929
2023-02-23T18:00,39.9,11.9,25,7.638184946
2023-02-23T19:00,39.9,11.3,37,15.01973003
2023-02-23T20:00,40.1,9.7,45,8.845100079
2023-02-23T21:00,40.8,10,60,7.483271014
2023-02-23T22:00,41.1,6,73,8.896279072
2023-02-23T23:00,40.9,8.4,100,14.60453047
2023-02-24T00:00,40.8,9.4,122,11.57294103
2023-02-24T01:00,40.6,9.7,117,16.22976279
2023-02-24T02:00,40.8,13.3,128,9.926379974
2023-02-24T03:00,41.6,9.8,172,9.797107498
2023-02-24T04:00,42,13.4,175,8.15254692
2023-02-24T05:00,42.3,10.8,206,16.15151343
2023-02-24T06:00,42.4,9.3,298,14.96475792
2023-02-24T07:00,42.6,8.7,318,14.72021633
2023-02-24T08:00,42.5,6.1,357,7.561104694
2023-02-24T09:00,42.3,7.5,343,13.14055126
2023-02-24T10:00,42,7.7,311,12.75605931
2023-02-24T11:00,42.1,17,328,11.46650415
2023-02-24T12:00,41.1,16.1,304,14.04249684
2023-02-24T13:00,43.2,23.7,303,16.10129571
2023-02-24T14:00,44.9,31.1,295,11.3385047
2023-02-24T15:00,43,31.8,305,16.46045796
2023-02-24T16:00,43.7,29.7,306,15.32963583
2023-02-24T17:00,43.6,32.4,304,15.45303677
2023-02-24T18:00,44,36.5,301,13.73090231
2023-02-24T19:00,43.3,35.5,300,13.4481708
2023-02-24T20:00,42.4,30.7,304,7.509068352
2023-02-24T21:00,40.8,30.6,304,12.55064187
2023-02-24T22:00,38.1,25.4,309,11.08203817
2023-02-24T23:00,35.5,24,320,7.769328001
2023-02-25T00:00,33.3,18.8,315,16.20409536
2023-02-25T01:00,31.4,18.1,319,15.51242553
2023-02-25T02:00,29.7,15.3,321,10.8012292
2023-02-25T03:00,27.2,17.3,318,14.84216237
2023-02-25T04:00,26.9,21.7,312,14.634017
2023-02-25T05:00,24.2,17.5,307,15.48366644
2023-02-25T06:00,23.4,18.4,310,12.49569574
2023-02-25T07:00,22.5,13.8,317,13.19409446
2023-02-25T08:00,21.9,9.3,324,8.72034817
2023-02-25T09:00,22.2,7.9,330,15.35130231
2023-02-25T10:00,22.4,8.3,2,14.53108745
2023-02-25T11:00,22.8,5.7,18,10.15650358
2023-02-25T12:00,23.3,6.7,16,11.15927431
2023-02-25T13:00,24,2.9,97,15.45797302
2023-02-25T14:00,26.5,2.2,99,15.58758324
2023-02-25T15:00,26.9,4.7,90,15.02032757
2023-02-25T16:00,27.9,1.6,117,12.85431241
2023-02-25T17:00,29.1,4.8,167,14.37466667
2023-02-25T18:00,29.9,6.8,148,13.91512092
2023-02-25T19:00,30,10.8,120,16.22784025
2023-02-25T20:00,30.5,14.1,142,15.45740145
2023-02-25T21:00,30.9,14.6,128,14.4797266
2023-02-25T22:00,30.9,10,131,15.25232176
2023-02-25T23:00,31.8,7.6,149,16.15151343
2023-02-26T00:00,33,3.1,144,14.35068794
2023-02-26T01:00,32.9,1.8,307,15.66242919
2023-02-26T02:00,31.2,2,225,16.04941525
2023-02-26T03:00,30.4,1,135,15.97282862
2023-02-26T04:00,29.8,2.2,360,15.89325426
2023-02-26T05:00,30,3.4,212,13.52680987
2023-02-26T06:00,29.7,2.6,254,15.94890186
2023-02-26T07:00,29.1,5.1,225,14.86497198
2023-02-26T08:00,29.6,4.1,225,15.25320509
2023-02-26T09:00,29.2,6.8,252,12.44693291
2023-02-26T10:00,28.7,7.3,237,16.23082798
2023-02-26T11:00,29.3,8.3,214,8.460504206
2023-02-26T12:00,30.9,11.8,220,14.3001065
2023-02-26T13:00,31,10.5,202,10.92839727
2023-02-26T14:00,31.9,12.8,218,12.14276874
2023-02-26T15:00,32.2,16.1,214,16.66590138
2023-02-26T16:00,32.9,13.3,213,7.717941166
2023-02-26T17:00,35.4,13.6,217,15.2767941
2023-02-26T18:00,37.4,12.4,216,13.19308123
2023-02-26T19:00,43.2,17.3,225,10.88041385
2023-02-26T20:00,48,22.2,230,14.47463447
2023-02-26T21:00,49.9,21,235,9.206132917
2023-02-26T22:00,50.6,20.9,246,9.285057768
2023-02-26T23:00,47.3,13.8,227,7.482985231
2023-02-27T00:00,44.8,11.7,223,14.63552386
2023-02-27T01:00,43.8,10.6,252,16.02205909
2023-02-27T02:00,42.5,7.2,342,16.20544633
2023-02-27T03:00,40.8,9.4,337,16.56317967
2023-02-27T04:00,39.1,9.6,340,16.5881976
2023-02-27T05:00,37.6,12,303,16.2566513
2023-02-27T06:00,35.4,10.8,296,15.30498163
2023-02-27T07:00,33.5,3.9,304,16.2021988
2023-02-27T08:00,31.6,11.3,277,15.14913241
2023-02-27T09:00,30.4,5.4,266,8.564784731
2023-02-27T10:00,30.9,8.9,291,13.18983369
2023-02-27T11:00,30.7,4,265,14.68540384
2023-02-27T12:00,29.3,3.6,6,13.44697571
2023-02-27T13:00,33.6,6.9,47,7.431728298
2023-02-27T14:00,36.2,7.4,51,15.1267125
2023-02-27T15:00,39.1,5.9,47,11.41680603
2023-02-27T16:00,40.6,6.6,41,14.58268213
2023-02-27T17:00,42.5,5.2,34,9.436802108
2023-02-27T18:00,43.5,6.8,205,14.70852521
2023-02-27T19:00,44.4,5.4,176,11.72660791
2023-02-27T20:00,43.6,11.6,164,7.818714355
2023-02-27T21:00,42.2,14.2,120,11.62627639
2023-02-27T22:00,39.6,15,114,13.19315917
2023-02-27T23:00,38.2,15.9,123,13.32386056
2023-02-28T00:00,38.1,21.9,107,8.562628369
2023-02-28T01:00,36.2,17.9,105,16.22885348
2023-02-28T02:00,32.8,13,90,15.40401414
2023-02-28T03:00,32.5,11.7,81,15.02087316
2023-02-28T04:00,32.8,15.9,72,12.68113542
2023-02-28T05:00,32.9,13.8,49,12.49777416
2023-02-28T06:00,32.7,13.9,31,15.22707001
2023-02-28T07:00,32.3,15.2,31,12.6040032
2023-02-28T08:00,32.3,17.8,43,14.30189914
2023-02-28T09:00,32.4,18.2,51,11.57244741
2023-02-28T10:00,32.3,20.1,44,14.0429385
2023-02-28T11:00,32.5,23,41,16.53738234
2023-02-28T12:00,31.9,21,35,8.357704556
2023-02-28T13:00,32.2,12.2,19,9.335327451
2023-02-28T14:00,32.2,11.2,2,14.81418269
2023-02-28T15:00,32.5,8.4,7,13.47846273
2023-02-28T16:00,33,10.9,354,15.50668389
2023-02-28T17:00,33.7,10.5,344,13.01561749
2023-02-28T18:00,33.9,9.7,333,8.358328082
2023-02-28T19:00,34.7,9.9,327,14.16620954
2023-02-28T20:00,34.2,11.5,311,14.34915511
2023-02-28T21:00,35.3,9.2,318,13.73469543
2023-02-28T22:00,35,3,346,15.12252968
2023-02-28T23:00,35.1,5.3,298,14.14160729
2023-03-01T00:00,35.8,7,282,14.68693667
2023-03-01T01:00,34.2,5.8,274,12.73208059
2023-03-01T02:00,33.5,7.7,281,13.55058075
2023-03-01T03:00,32.9,5.8,292,13.60183768
2023-03-01T04:00,32.9,7.2,264,12.39684509
2023-03-01T05:00,33.5,6.2,277,11.16174243
2023-03-01T06:00,33.3,7,291,13.04055748
2023-03-01T07:00,31.8,7.8,283,15.97069824
2023-03-01T08:00,31.8,8.2,299,14.86395875
2023-03-01T09:00,30,5.3,332,15.45719361
2023-03-01T10:00,30.1,4.8,333,7.58866869
2023-03-01T11:00,30.1,1.8,90,13.40083689
2023-03-01T12:00,30.2,8,355,14.24851182
2023-03-01T13:00,34.6,10,38,14.84055159
2023-03-01T14:00,37.2,13.9,53,10.0809042
2023-03-01T15:00,39.7,5.6,45,14.76217233
2023-03-01T16:00,41.7,8,80,15.35639444
2023-03-01T17:00,43.1,5.5,157,12.86033983
2023-03-01T18:00,42.6,10.5,164,11.39209986
2023-03-01T19:00,42.5,17.7,141,13.39657612
2023-03-01T20:00,41.9,18.9,132,13.50046695
2023-03-01T21:00,41.7,17.4,124,11.86063478
2023-03-01T22:00,41.3,10,120,12.7055558
2023-03-01T23:00,40.3,9,113,14.16605365
2023-03-02T00:00,41.6,11.2,132,8.459049311
2023-03-02T01:00,41.3,9.2,121,13.75984326
